{
  "contracts": {
    "Unlock": {
      "address": "0x88944d65f44a22ad4aec7baf1d77a7ab634df001",
      "constructorCode": "608060405234801561001057600080fd5b50612775806100206000396000f300",
      "bodyBytecodeHash": "84d1c6993838162b53378f52f9079e0bc80484704595b8a3ec7c87a23489b5eb",
      "localBytecodeHash": "e45c0d3318d417e499583f337e6cac8cfa62844e040923c3ceae5d5718138a6c",
      "deployedBytecodeHash": "e45c0d3318d417e499583f337e6cac8cfa62844e040923c3ceae5d5718138a6c",
      "types": {
        "t_bool": {
          "id": "t_bool",
          "kind": "elementary",
          "label": "bool"
        },
        "t_uint256": {
          "id": "t_uint256",
          "kind": "elementary",
          "label": "uint256"
        },
        "t_array:50<t_uint256>": {
          "id": "t_array:50<t_uint256>",
          "valueType": "t_uint256",
          "length": "50",
          "kind": "array",
          "label": "uint256[50]"
        },
        "t_address": {
          "id": "t_address",
          "kind": "elementary",
          "label": "address"
        },
        "t_struct<Unlock.LockBalances>": {
          "id": "t_struct<Unlock.LockBalances>",
          "kind": "struct",
          "label": "Unlock.LockBalances",
          "members": [
            {
              "label": "deployed",
              "astId": 1022,
              "type": "t_bool",
              "src": "2024:13:2"
            },
            {
              "label": "totalSales",
              "astId": 1024,
              "type": "t_uint256",
              "src": "2043:15:2"
            },
            {
              "label": "yieldedDiscountTokens",
              "astId": 1026,
              "type": "t_uint256",
              "src": "2082:26:2"
            }
          ]
        },
        "t_mapping<t_struct<Unlock.LockBalances>>": {
          "id": "t_mapping<t_struct<Unlock.LockBalances>>",
          "valueType": "t_struct<Unlock.LockBalances>",
          "label": "mapping(key => Unlock.LockBalances)",
          "kind": "mapping"
        }
      },
      "storage": [
        {
          "contract": "Initializable",
          "path": "zos-lib/contracts/Initializable.sol",
          "label": "initialized",
          "astId": 1730,
          "type": "t_bool",
          "src": "757:24:12"
        },
        {
          "contract": "Initializable",
          "path": "zos-lib/contracts/Initializable.sol",
          "label": "initializing",
          "astId": 1732,
          "type": "t_bool",
          "src": "876:25:12"
        },
        {
          "contract": "Initializable",
          "path": "zos-lib/contracts/Initializable.sol",
          "label": "______gap",
          "astId": 1781,
          "type": "t_array:50<t_uint256>",
          "src": "1891:29:12"
        },
        {
          "contract": "Ownable",
          "path": "openzeppelin-eth/contracts/ownership/Ownable.sol",
          "label": "_owner",
          "astId": 1620,
          "type": "t_address",
          "src": "301:22:11"
        },
        {
          "contract": "Ownable",
          "path": "openzeppelin-eth/contracts/ownership/Ownable.sol",
          "label": "______gap",
          "astId": 1725,
          "type": "t_array:50<t_uint256>",
          "src": "2057:29:11"
        },
        {
          "contract": "Unlock",
          "path": "contracts/Unlock.sol",
          "label": "grossNetworkProduct",
          "astId": 1042,
          "type": "t_uint256",
          "src": "2245:31:2"
        },
        {
          "contract": "Unlock",
          "path": "contracts/Unlock.sol",
          "label": "totalDiscountGranted",
          "astId": 1044,
          "type": "t_uint256",
          "src": "2281:32:2"
        },
        {
          "contract": "Unlock",
          "path": "contracts/Unlock.sol",
          "label": "locks",
          "astId": 1048,
          "type": "t_mapping<t_struct<Unlock.LockBalances>>",
          "src": "2402:46:2"
        }
      ],
      "warnings": {
        "hasConstructor": false,
        "hasSelfDestruct": false,
        "hasDelegateCall": false,
        "hasInitialValuesInDeclarations": false,
        "uninitializedBaseContracts": [],
        "storageUncheckedVars": [
          {
            "contract": "Unlock",
            "path": "contracts/Unlock.sol",
            "label": "locks",
            "astId": 1048,
            "type": "t_mapping<t_struct<Unlock.LockBalances>>",
            "src": "2402:46:2"
          }
        ],
        "storageDiff": []
      }
    }
  },
  "solidityLibs": {},
  "proxies": {
    "unlock-protocol/Unlock": [
      {
        "address": "0xd8c88be5e8eb88e38e6ff5ce186d764676012b0b",
        "version": "0.1.0",
        "implementation": "0x88944d65f44a22ad4aec7baf1d77a7ab634df001"
      }
    ]
  },
  "zosversion": "2",
  "version": "0.1.0"
}