{
  "contracts": {
    "Unlock": {
      "address": "0x51783f6117d36c3c782cf2d0b33bd5bc6b9470c7",
      "constructorCode": "608060405234801561001057600080fd5b50612897806100206000396000f300",
      "bodyBytecodeHash": "9b3795e7ba773c87ff9dabbfa7dc4263f76e6c741095c666ebe7cfbd15b1cbd3",
      "localBytecodeHash": "6233943f5820679278da3389e702f1eca74693e43b072ec7dd7d6d3079e6b484",
      "deployedBytecodeHash": "6233943f5820679278da3389e702f1eca74693e43b072ec7dd7d6d3079e6b484",
      "types": {
        "t_bool": {
          "id": "t_bool",
          "kind": "elementary",
          "label": "bool"
        },
        "t_uint256": {
          "id": "t_uint256",
          "kind": "elementary",
          "label": "uint256"
        },
        "t_array:50<t_uint256>": {
          "id": "t_array:50<t_uint256>",
          "valueType": "t_uint256",
          "length": "50",
          "kind": "array",
          "label": "uint256[50]"
        },
        "t_address": {
          "id": "t_address",
          "kind": "elementary",
          "label": "address"
        },
        "t_struct<Unlock.LockBalances>": {
          "id": "t_struct<Unlock.LockBalances>",
          "kind": "struct",
          "label": "Unlock.LockBalances",
          "members": [
            {
              "label": "deployed",
              "astId": 986,
              "type": "t_bool",
              "src": "2024:13:1"
            },
            {
              "label": "totalSales",
              "astId": 988,
              "type": "t_uint256",
              "src": "2043:15:1"
            },
            {
              "label": "yieldedDiscountTokens",
              "astId": 990,
              "type": "t_uint256",
              "src": "2082:26:1"
            }
          ]
        },
        "t_mapping<t_struct<Unlock.LockBalances>>": {
          "id": "t_mapping<t_struct<Unlock.LockBalances>>",
          "valueType": "t_struct<Unlock.LockBalances>",
          "label": "mapping(key => Unlock.LockBalances)",
          "kind": "mapping"
        }
      },
      "storage": [
        {
          "contract": "Initializable",
          "path": "zos-lib/contracts/Initializable.sol",
          "label": "initialized",
          "astId": 1822,
          "type": "t_bool",
          "src": "757:24:12"
        },
        {
          "contract": "Initializable",
          "path": "zos-lib/contracts/Initializable.sol",
          "label": "initializing",
          "astId": 1824,
          "type": "t_bool",
          "src": "876:25:12"
        },
        {
          "contract": "Initializable",
          "path": "zos-lib/contracts/Initializable.sol",
          "label": "______gap",
          "astId": 1873,
          "type": "t_array:50<t_uint256>",
          "src": "1891:29:12"
        },
        {
          "contract": "Ownable",
          "path": "openzeppelin-eth/contracts/ownership/Ownable.sol",
          "label": "_owner",
          "astId": 1712,
          "type": "t_address",
          "src": "301:22:11"
        },
        {
          "contract": "Ownable",
          "path": "openzeppelin-eth/contracts/ownership/Ownable.sol",
          "label": "______gap",
          "astId": 1817,
          "type": "t_array:50<t_uint256>",
          "src": "2057:29:11"
        },
        {
          "contract": "Unlock",
          "path": "contracts/Unlock.sol",
          "label": "grossNetworkProduct",
          "astId": 1006,
          "type": "t_uint256",
          "src": "2245:31:1"
        },
        {
          "contract": "Unlock",
          "path": "contracts/Unlock.sol",
          "label": "totalDiscountGranted",
          "astId": 1008,
          "type": "t_uint256",
          "src": "2281:32:1"
        },
        {
          "contract": "Unlock",
          "path": "contracts/Unlock.sol",
          "label": "locks",
          "astId": 1012,
          "type": "t_mapping<t_struct<Unlock.LockBalances>>",
          "src": "2402:46:1"
        }
      ],
      "warnings": {
        "hasConstructor": false,
        "hasSelfDestruct": false,
        "hasDelegateCall": false,
        "hasInitialValuesInDeclarations": false,
        "uninitializedBaseContracts": []
      }
    }
  },
  "solidityLibs": {},
  "proxies": {
    "unlock-protocol/Unlock": [
      {
        "address": "0x3d5409cce1d45233de1d4ebdee74b8e004abdd13",
        "version": "0.1.0",
        "implementation": "0x51783f6117d36c3c782cf2d0b33bd5bc6b9470c7"
      }
    ]
  },
  "zosversion": "2",
  "version": "0.1.0"
}